{"playerName":"","playerHp":591,"playerPosition":{"x":-9.998700141906739,"y":0.11929547786712647,"z":11.788532257080079},"itemCount":[25,4,7,9,30,1,20,1,1,10,1,2,9,12,1,0,0,0,0,0,0,0,0,0,0,0,0,0,0,0],"itemTypes":[9,2,1,0,9,24,9,18,21,10,11,3,6,7,15,29,29,29,29,29,29,29,29,29,29,29,29,29,29,29],"toolType":[7,-1,-1,-1],"workbenchPosition":{"x":-10.22382640838623,"y":0.10000228881835938,"z":8.900111198425293},"currentToolItem":0,"toolLevel":3,"currentDay":32,"currentTime":16,"currentSunRotate":11331.482421875,"currentIsNight":false,"cubemap":0.5794645547866821,"fogDens":0.0,"flowerIsFlower":false,"treeIsTree":false}